City,Zip Code,Longitude,Latitude,Inspection Frequency,Compliant,Unit Count,Units Inspected,Average Violations Per Unit,Severity Index,No Violations Observed,Infested Units Percentage,Units with Mold,Analysis Rating
Takoma Park,20912,-76.99645372,38.98794118,1,0,6,12,0.5,0.97,7,0,0,compliant
Takoma Park,20912,-77.00057348,38.99045903,3,0,4,4,0,0,4,0,0,compliant
Silver Spring,20904,-76.94088443,39.07751845,1,0,352,349,1.02,1.58,80,0.02,0,at-risk
Takoma Park,20912,-77.00047141,38.99200215,1,0,1,2,0,0,2,0,0,compliant
Gaithersburg,20877,-77.20500944,39.13657798,1,0,109,102,1.29,1.24,44,0.08,0,compliant
Chevy Chase,20815,-77.09379538,38.97862313,1,0,11,12,0.08,0.08,11,0,0,compliant
Takoma Park,20912,-77.0006157,38.99379784,3,0,6,6,0.66,0.66,4,0,0,compliant
TAKOMA PARK,20912,0,0,1,0,3,4,0.25,0.25,3,0,0,compliant
Takoma Park,20912,-76.99661905,38.9877627,2,0,7,0,0,0,0,0,0,TBD
Takoma Park,20912,-77.00079865,38.99155734,3,0,3,2,0.5,1,1,0,0,compliant
Silver Spring,20902,-77.04828447,39.04334925,2,0,133,1,1,1,0,0,0,compliant
TAKOMA PARK,20912,-76.99610192,38.98744146,1,0,5,4,0,0,1,0,0,compliant
Takoma Park,20912,-76.99640094,38.9872822,3,0,3,2,0.5,0.5,1,0,0,compliant
Rockville,20850,-77.20377476,39.09333365,2,0,230,93,0.61,1.05,55,0,0,compliant
Bethesda,20814,-77.09263001,38.98596059,1,0,7,0,0,0,0,0,0,TBD
Takoma Park,20912,-77.00007036,38.98862217,1,0,5,3,1,0,3,0,0,compliant
Chevy Chase,20815-6225,-77.09238117,38.9785556,1,0,24,24,1.33,1.14,8,0,0,compliant
Takoma Park,20912,-77.00095699,38.99440736,1,0,3,4,1,1.87,1,0,0,at-risk
Silver Spring,20903,-76.9898379,38.99978851,1,0,14,14,1.57,1.92,3,0,0,at-risk
Takoma Park,20912,-77.0229752,38.98249701,1,0,41,38,1.18,1.04,17,0.02,0,compliant
Bethesda,20814,-77.09888586,38.9925727,2,0,86,40,0.2,0.25,35,0,0,compliant
Chevy Chase,20815,-77.10277844,38.97545528,1,0,18,17,0.52,0.72,10,0,0,compliant
Silver Spring,20910,-77.02149725,38.99275797,3,0,2,2,0.5,1.5,1,0,0,compliant
Silver Spring,20903,0,0,1,0,4,3,3.33,1.4,0,0,0,at-risk
Takoma Park,20912,-76.99898672,38.9896765,1,0,3,3,0.33,0.66,1,0,0,compliant
Takoma Park,20912,-77.00016181,38.98977813,3,0,2,4,2,1.78,1,0,0,at-risk
Silver Spring,20903,-76.98979227,38.99903343,1,0,10,10,2.1,1.73,3,0.2,0,troubled
BETHESDA,20814,-77.09510313,38.98064842,3,0,162,34,0.32,0.28,29,0,0,compliant
Takoma Park,20912,-77.00027793,38.99008015,3,0,3,4,0.25,1.5,1,0,0,compliant
Takoma Park,20912,-77.00219202,38.99510201,1,0,5,5,1.4,0.68,2,0,0,compliant
Brookeville,20833,-77.06448567,39.18755031,1,0,4,5,9.4,1.93,0,0,0,troubled
Silver Spring,20901,-77.00655897,39.00055208,2,0,6,6,4,1.9,1,0.16,0,troubled
Bethesda,20814,-77.10141553,38.99158475,2,0,95,47,1.87,1.31,10,0,0,compliant
Takoma Park,20912,-77.00156566,38.99236729,3,0,2,2,0,0,2,0,0,compliant
Takoma Park,20912,-77.00042566,38.98816364,1,0,2,0,0,0,0,0,0,TBD
Takoma Park,20912,-76.99881787,38.98863865,3,0,2,1,0,0,1,0,0,compliant
Bethesda,20814,-77.09759238,38.97966612,3,0,140,37,0.24,0.4,29,0,0,compliant
Silver Spring,20906,-77.07738462,39.08778583,2,0,274,259,1,0.9,138,0,0,compliant
Silver Spring,20910,-77.01352828,38.9934099,1,0,4,4,2.5,1.5,1,0,0,at-risk
Silver Spring,20910,-77.05470622,38.99601731,1,0,283,227,2.15,1.55,56,0.14,0.03,troubled
Silver Spring,20903,-76.9892996,38.99941778,1,0,4,4,2.75,1.81,0,0,0,troubled
Silver Spring,20901,-76.99634753,39.00039022,1,0,4,5,5.4,1.51,0,0,0,troubled
SILVER SPRING,20910,-77.01367938,38.99244064,1,0,4,3,5,1.35,0,0,0,at-risk
TAKOMA PARK,20912,0,0,3,0,3,3,0.33,1.33,1,0,0,compliant
Silver Spring,20910,-77.01475632,38.99407697,1,0,74,71,3.07,1.71,14,0.3,0.04,troubled
Takoma Park,20912,-77.00060866,38.9923481,3,0,3,4,1.25,2.4,0,0,0,at-risk
Silver Spring,20906,-77.07594576,39.05371152,2,0,162,0,0,0,0,0,0,TBD
Takoma Park,20912,-77.00013013,38.9916644,1,0,3,3,3.33,2.2,0,0,0,troubled
Silver Spring,20910,-77.02130354,38.99216492,1,0,1,0,0,0,0,0,0,TBD
Silver Spring,20903,-76.98688207,39.00031264,1,0,4,4,3.25,1.69,0,0,0,troubled
Laurel,20707,-77.02680599,39.14964061,1,0,4,4,2.5,1.66,1,0,0,troubled
Silver Spring,20910,-77.01704848,38.99522825,1,0,86,79,1.56,1.24,27,0.07,0.02,compliant
Silver Spring,20906,-77.05396811,39.06359057,1,0,163,147,1.8,1.63,41,0.05,0,at-risk
Silver Spring,20903,-76.9886486,38.9997692,1,0,4,4,2.75,2.27,0,0,0,troubled
Silver Spring,20904,-76.94049802,39.08467226,1,1,534,528,3.1,1.74,75,0.1,0.02,troubled
Silver Spring,20910,-77.01110408,38.99327289,3,1,61,16,2.5,1.47,3,0,0.12,at-risk
Chevy Chase,20815,-77.08752753,38.96176858,3,1,432,102,0.79,2.39,10,0,0,at-risk
Chevy Chase,20815,-77.09444675,38.96315598,3,1,517,111,1.56,1.1,43,0.06,0.03,compliant
Silver Spring,20903,-76.97386431,39.01561116,1,1,294,95,1.75,1.63,10,0.07,0.01,at-risk
Rockville,20850,-77.194325,39.10573382,3,1,365,88,0.35,0.51,64,0,0,compliant
Kensington,20895,-77.07391103,39.02717309,3,1,4,5,2,2.4,0,0,0,at-risk
Bethesda,20817,-77.15020415,39.02499963,3,1,152,37,0.24,0.22,32,0.02,0,compliant
Takoma Park,20912,-76.9995391,38.99075009,3,1,3,5,1.6,2.26,1,0,0,at-risk
Damascus,20872,-77.18881588,39.31214384,3,1,2,2,0,0,2,0,0,compliant
Silver Spring,20901,-76.99700551,39.00026665,3,1,4,6,4.83,1.92,0,0.33,0,troubled
Silver Spring,20904,-76.98097153,39.04072337,3,1,227,49,0.42,0.34,34,0,0,compliant
Silver Spring,20904,-76.94455298,39.0820789,3,1,457,121,1.79,1.42,41,0.08,0,compliant
Silver Spring,20910,-77.01354219,38.99272347,3,1,15,5,6,1.65,1,0.2,0,troubled
Kensington,20895,-77.07762796,39.030158,3,1,5,6,0.33,0.16,5,0,0,compliant
Takoma Park,20912,-76.99959886,38.9908956,3,1,1,1,0,0,1,0,0,compliant
Germantown,20876,-77.24749447,39.19213983,2,0,218,63,0.85,1.11,28,0.03,0,compliant
Takoma Park,20912,-77.00168532,38.99491806,2,1,5,7,2.28,1.85,0,0,0,troubled
Bethesda,20816,-77.11882212,38.94817226,3,1,125,31,0.48,0.88,21,0,0,compliant
Bethesda,20814,-77.09776927,38.99322703,3,1,50,15,4.6,2.11,1,0.13,0.46,troubled
Silver Spring,20901,-77.00772713,39.0002994,3,1,6,7,6.14,2.32,0,0.14,0,troubled
Bethesda,20814,-77.1004712,38.99307375,3,1,110,28,1.46,1.65,10,0,0.03,at-risk
Silver Spring,20910,-77.04047543,39.00936335,3,1,6,7,3,2.1,0,0,0,troubled
Germantown,20874,0,0,2,1,143,35,0.51,1.23,16,0,0,compliant
Takoma Park,20912,-77.00061569,38.99365229,1,1,6,7,2,1.47,2,0,0,compliant
Silver Spring,20906,-77.06439261,39.07976029,2,1,345,64,2.64,1.17,22,0.06,0,at-risk
SILVER SPRING,20901,0,0,3,0,75,0,0,0,0,0,0,compliant
Silver Spring,20901,-77.00515122,38.99760051,3,1,53,12,1,0.66,8,0.08,0,compliant
Montgomery Village,20886,-77.20552829,39.16302992,3,1,212,54,2,1.69,13,0,0,at-risk
Germantown,20876,-77.23488749,39.17687198,3,0,71,58,1.62,1.13,26,0.05,0,compliant
Silver Spring,20902,-77.04878042,39.0311593,3,1,23,0,0,0,0,0,0,TBD
Chevy Chase,20815,-77.09314442,38.97851106,3,1,88,21,1,1.17,7,0,0,compliant
Takoma Park,20912,-77.022233,38.98160232,3,1,80,26,2.07,1.53,7,0,0,troubled
Silver Spring,20904,-76.97471585,39.05344362,3,1,14,15,3.93,1.6,3,0,0,troubled
Silver Spring,20910,-77.01389751,38.99237472,3,1,4,1,2,1,0,0,0,compliant
Takoma Park,20912,-76.9979312,38.99257321,3,1,22,7,1.28,2.78,1,0,0,at-risk
Bethesda,20814,-77.09307725,38.98634463,3,1,4,5,0.4,0.6,4,0,0,compliant
Takoma Park,20912,-76.99852933,38.98980833,2,1,1,1,0,0,1,0,0,compliant
Bethesda,20814,-77.09856969,38.9919551,3,1,94,23,1.52,1.21,10,0,0.13,compliant
Silver Spring,20910,-77.03083095,38.99151759,3,1,401,87,0.18,0.17,79,0,0,compliant
Silver Spring,20904,0,0,1,1,591,586,2.13,1.53,142,0.14,0.01,troubled
Silver Spring,20906,-77.07296714,39.09192199,3,1,147,0,0,0,0,0,0,TBD
Silver Spring,20903,-76.98878576,39.00002178,1,1,8,10,5.1,1.78,0,0.4,0,troubled
Silver Spring,20910,-77.03429916,38.99707116,3,1,310,81,0.2,0.19,73,0,0,compliant
Silver Spring,20910,-77.02241744,38.98754096,3,1,4,5,1,0.8,3,0,0,compliant
Takoma Park,20912,-77.00009318,38.99694081,3,1,156,42,0.76,1.1,21,0,0,compliant
Silver Spring,20910,-77.03455354,38.99195584,3,1,78,20,0,0,20,0,0,compliant
Silver Spring,20901,-76.99636512,39.00025019,3,1,8,9,1.33,4.72,0,0,0,at-risk
Bethesda,20814,-77.09236677,38.98643034,2,1,22,25,1.6,1.74,4,0,0,at-risk
Silver Spring,20910,-77.01409088,38.9918091,2,0,9,11,3.72,1.67,2,0.27,0,troubled
Takoma Park,20912,-77.00044684,38.99649135,3,1,5,6,0.33,0.33,4,0,0,compliant
Silver Spring,20904,-76.98678064,39.04615897,3,1,280,78,1.24,1.28,30,0.03,0.01,compliant
SILVER SPRING,20904,0,0,,0,105,10,0.1,0.3,9,0,0,compliant
GERMANTOWN,20874,0,0,,0,240,68,1.16,1.31,26,0,0,compliant
ASHTON,20861,-77.01123745,39.1475129,3,1,2,0,0,0,0,0,0,TBD
Kensington,20895,-77.07397418,39.0269891,3,1,10,11,0.9,0.54,6,0,0,compliant
Chevy Chase,20815,-77.08751143,38.96321355,3,1,391,87,0.9,1.01,39,0,0,compliant
Rockville,20852,-77.12021401,39.05456657,2,1,127,35,1.48,1.25,13,0,0,compliant
Gaithersburg,20877,-77.16808843,39.14843026,2,1,50,52,2.67,1.39,12,0.07,0.07,at-risk
Silver Spring,20910,-77.03126675,38.99044937,3,1,330,75,0.21,0.23,63,0,0,compliant
Silver Spring,20901,0,0,2,1,19,21,3.76,2.04,1,0.14,0.04,troubled
Silver Spring,20903,-76.98950173,38.99936658,1,1,8,5,4.8,1.54,0,0,0,troubled
Silver Spring,20910,-77.01739329,39.00077886,3,1,9,7,0.57,0.57,3,0,0,compliant
Burtonsville,20866,-76.93022931,39.07880368,3,1,207,51,1.98,1.63,11,0.01,0,at-risk
Silver Spring,20910,-77.01358075,38.99191622,3,1,15,15,0.26,0.44,11,0,0,compliant
Rockville,20851,-77.11324903,39.06549049,3,1,67,19,0.73,0.87,12,0,0,compliant
Takoma Park,20912,-76.9982233,38.98922072,1,1,3,5,1,2.2,2,0.4,0,troubled
Bethesda,20815,-77.10036396,38.97784915,3,0,369,123,1.6,2.21,20,0.06,0,at-risk
GAITHERSBURG,20878,0,0,,0,648,153,0.91,0.9,82,0.01,0,compliant
Takoma Park,20912,-77.00096053,38.9941081,3,1,6,7,0.57,1.07,4,0,0,compliant
Silver Spring,20902,-77.05048244,39.03854719,3,1,173,44,0.27,0.37,36,0,0,compliant
Rockville,20852,-77.11680518,39.04983394,3,1,174,43,1.06,1.19,14,0.02,0,compliant
Silver Spring,20910,-77.01415782,38.99227859,3,1,11,10,0.4,1.6,2,0,0,at-risk
Silver Spring,20901,-77.00741386,38.99933294,2,1,6,6,0,0,6,0,0,compliant
Silver Spring,20910,-77.0572447,39.01991734,3,1,181,45,0,0,47,0,0,compliant
Silver Spring,20910,-77.01447464,38.99295949,3,1,4,4,0,0,4,0,0,compliant
Silver Spring,20910,-77.04249468,38.99826288,3,1,415,104,1.77,1.84,21,0.08,0,at-risk
Takoma Park,20912,-77.00059457,38.99316631,3,1,6,6,3.83,2.13,0,0,0,troubled
Gaithersburg,20879,-77.17521086,39.16834027,3,1,106,5,0.8,2.2,2,0,0,at-risk
Takoma Park,20912,-77.0000457,38.99312238,3,1,10,11,0.36,0.4,9,0,0,compliant
Silver Spring,20910,-77.02924616,38.99626529,3,1,345,82,0.54,0.71,56,0,0.01,compliant
Spencerville,20868,-76.96577038,39.11578007,1,1,2,2,3.5,2.5,0,0,0,troubled
Silver Spring,20902,-77.02869574,39.03634752,3,1,141,35,0.22,0.09,32,0,0,compliant
Silver Spring,20902,-77.04987524,39.05365307,3,1,90,23,2.43,1.62,2,0.08,0,troubled
Spencerville,20868,-76.96639421,39.11586534,3,1,3,0,0,0,0,0,0,TBD
Takoma Park,20912,-77.00172041,38.99159578,1,0,2,3,9,2.29,0,0.33,0.33,troubled
Silver Spring,20901,-77.01026067,39.0003651,2,1,54,15,2.86,2.74,0,0.13,0,troubled
Silver Spring,20910,-77.01663517,38.99424419,2,1,80,21,1.66,1.09,9,0.14,0,compliant
Silver Spring,20903,-76.98916514,39.0008628,3,1,396,96,2.47,1.57,25,0.11,0.02,troubled
Silver Spring,20901,-77.01170752,39.0043627,1,1,66,17,2.52,1.82,4,0,0.05,troubled
Germantown,20874,-77.27728608,39.15318242,3,1,378,88,1.01,1.73,28,0,0.02,at-risk
Silver Spring,20904,-76.93852234,39.08294004,3,1,105,26,0.34,0.32,19,0,0,compliant
Silver Spring,20910,-77.04847773,39.00027589,3,1,165,53,2.88,2.03,6,0.05,0.24,troubled
Silver Spring,20910,-77.02778325,38.9893465,3,0,457,110,0.54,0.72,68,0,0,compliant
MONTGOMERY VILLAGE,20886,-77.20323491,39.15717753,3,0,861,842,3.56,1.8,86,0.13,0.05,troubled
SILVER SPRING,20910,0,0,,0,195,97,0.65,0.94,54,0.03,0,compliant
Gaithersburg,20877,-77.20476446,39.13628373,2,1,47,21,0,0,24,0,0,compliant
Silver Spring,20910,-77.01729464,39.00038075,3,1,4,2,0.5,0,2,0,0,compliant
Takoma Park,20912,-77.00009143,38.99370998,3,1,6,6,0,0,6,0,0,compliant
Silver Spring,20903,-76.98941207,39.00025525,1,1,14,5,1.2,3,0,0,0.2,troubled
Takoma Park,20912,-76.99983812,38.99022843,3,1,1,1,1,1,0,0,0,compliant
SILVER SPRING,20901,0,0,,0,6,7,0.42,0.85,5,0,0,compliant
Bethesda,20814,-77.09346069,38.98629768,2,1,4,0,0,0,0,0,0,TBD
Silver Spring,20910,-77.03627506,38.99276173,3,1,121,26,0.23,0.53,20,0,0,compliant
Takoma Park,20912,-77.00010907,38.99421516,3,1,3,5,3.4,2.05,0,0,0,troubled
Takoma Park,20912,-77.00061569,38.99335579,1,1,6,8,2.5,2.35,0,0.5,0,troubled
SILVER SPRING,20902,0,0,,0,194,42,0.52,0.3,37,0,0,compliant
Gaithersburg,20882,-77.19298525,39.24942411,3,1,4,4,1.25,1,2,0,0,compliant
Silver Spring,20902,-77.04935158,39.03240287,1,1,140,142,1.87,1.6,39,0.07,0.02,at-risk
Rockville,20852,-77.11549242,39.03038302,3,1,107,27,0.14,0.22,23,0,0,compliant
Silver Spring,20902,-77.04491447,39.01947132,1,1,93,89,2.43,1.14,28,0.1,0.03,at-risk
Takoma Park,20912,-77.02397801,38.98315026,1,1,74,70,1.82,1.18,20,0.01,0,compliant
Gaithersburg,20879,-77.19257593,39.17842681,3,1,94,13,0,0,13,0,0,compliant
Silver Spring,20910,-77.01353875,38.99323142,2,1,2,0,0,0,0,0,0,TBD
Takoma Park,20912,-76.99887059,38.99078029,3,1,1,1,0,0,1,0,0,compliant
Silver Spring,20910,-77.03339681,38.99370522,3,0,407,101,1.25,0.95,53,0.01,0,compliant
Olney,20832,-77.05019578,39.15563236,3,1,40,0,0,0,0,0,0,TBD
Rockville,20853,-77.09554698,39.06245309,3,1,526,133,1.51,1.44,45,0.08,0,compliant
Rockville,20852,-77.10541038,39.05446025,3,1,118,34,0.91,1.2,17,0,0.02,compliant
Silver Spring,20903,-76.99167459,39.00048055,2,1,143,21,0.76,0.45,14,0,0,compliant
Takoma Park,20912,-77.00035182,38.9926254,3,1,3,3,0.66,0.33,2,0,0,compliant
Rockville,20852,-77.10893141,39.04962189,3,1,312,71,0.33,0.64,51,0,0,compliant
Silver Spring,20910,-77.0140348,38.99289089,3,0,4,6,9.33,1.87,0,0,0,troubled
Kensington,20895,-77.07324577,39.02722568,3,1,6,2,0,0,0,0,0,compliant
Silver Spring,20903,0,0,1,1,14,11,6.36,2.22,0,0.27,0.09,troubled
Silver Spring,20901,-77.00728372,38.99967614,1,1,6,1,4,2,0,0,0,troubled
Silver Spring,20901,-77.00697064,39.00063167,2,1,6,6,0.66,0.83,4,0,0,compliant
Takoma Park,20912,-77.0006966,38.98885006,2,1,3,5,0.6,1,2,0,0,compliant
Rockville,20852,-77.10835668,39.04903286,3,1,341,73,0.15,0.27,62,0,0,compliant
Takoma Park,20912,-77.00175912,38.9917358,2,1,5,6,0.66,1.25,3,0,0,compliant
Takoma Park,20912,-77.00095342,38.99176049,3,1,6,6,0.33,0.66,4,0,0,compliant
Olney,20832,-77.06484501,39.15661365,3,1,100,11,0.63,1.09,7,0,0,compliant
Rockville,20850,-77.2081312,39.0980391,3,1,1,2,0.5,0.5,1,0,0,compliant
Bethesda,20816,-77.10593094,38.96413183,3,0,212,51,0.72,0.63,33,0,0,compliant
SILVER SPRING,20902,-77.04674329,39.04355684,1,0,40,44,4.02,1.88,4,0.15,0.06,troubled
Silver Spring,20910,-77.01907956,38.99068264,3,1,94,25,3.24,2.57,2,0.04,0.44,troubled
Silver Spring,20904,-76.98171871,39.04160138,3,1,326,62,2.32,2,11,0.08,0.06,troubled
SILVER SPRING,20901,0,0,,0,6,6,0.5,0.55,4,0,0,compliant
Silver Spring,20910,-77.02301721,38.99271923,1,1,3,4,3.75,1.4,0,0,0,at-risk
Silver Spring,20910,-77.01354569,38.99249283,3,1,4,5,2.6,1.93,1,0.2,0,troubled
Takoma Park,20912,-76.99678789,38.98803457,3,1,3,4,0.75,1.5,2,0,0,compliant
Silver Spring,20910,-77.02887794,38.99928292,3,1,324,66,0.63,1,32,0,0,compliant
Silver Spring,20906,-77.06242536,39.08007551,3,1,99,26,0.15,0.3,22,0,0,compliant
Takoma Park,20912,-77.00292042,38.99699926,3,1,3,0,0,0,0,0,0,TBD
Silver Spring,20904,-76.94411233,39.082255,3,1,376,108,3.04,1.87,14,0.1,0.01,troubled
Silver Spring,20906,-77.07807864,39.09121032,1,1,435,420,1.98,1.46,122,0.08,0,compliant
Takoma Park,20912,-77.00212166,38.99647761,3,1,3,3,1.33,1,1,0,0,compliant
Bethesda,20814,-77.10548046,39.01383783,3,1,239,57,0.84,1.08,27,0,0,compliant
Silver Spring,20910,-77.04081339,38.99931505,3,1,172,87,1.73,1.58,23,0.05,0.02,at-risk
Sandy Spring,20860,-77.02511362,39.15094549,3,1,55,12,2.16,1.84,0,0,0.08,troubled
TAKOMA PARK,20912,0,0,,0,6,0,0,0,0,0,0,TBD
Silver Spring,20903,-76.97187719,39.02058694,3,1,20,5,1,0.8,3,0,0,compliant
Takoma Park,20912,-77.00080212,38.99107136,2,1,2,3,1.33,2.25,0,0,0,at-risk
Silver Spring,20903,-76.98912013,38.99950291,1,1,4,4,0.75,0.66,2,0,0,compliant
Bethesda,20814,-77.09912375,38.99315175,3,1,87,24,1.45,1.25,8,0,0,compliant
Derwood,20855,-77.15700506,39.11979875,3,1,144,35,0.57,0.71,24,0,0,compliant
Silver Spring,20904,-77.02073589,39.06630748,3,1,83,18,0.44,0.55,14,0,0,compliant
Silver Spring,20906,-77.06127806,39.09098539,3,1,210,58,2.34,1.68,11,0.01,0,troubled
Chevy Chase,20815,-77.09329101,38.97760488,3,1,74,20,1,0.86,10,0.05,0,compliant
Silver Spring,20901,-76.99737853,38.99982737,3,1,4,5,1.2,2.72,1,0,0,at-risk
Silver Spring,20904,-76.9339077,39.08013913,3,1,256,71,0.83,0.83,45,0,0,compliant
Rockville,20852,-77.11391794,39.04552334,3,1,552,141,0.75,0.58,95,0,0,compliant
Kensington,20895,-77.06836713,39.03526564,3,1,54,15,0.8,0.88,7,0,0.06,compliant
Silver Spring,20910,-77.01671877,38.9903947,3,1,38,39,1.51,1.18,14,0,0,compliant
Silver Spring,20902,-77.05020194,39.03522778,3,0,232,62,0.38,0.15,57,0.03,0,compliant
Chevy Chase,20815,-77.09422812,38.97868591,3,1,34,9,0.77,0.47,7,0,0,compliant
Silver Spring,20901,-76.99725183,39.00002504,2,1,8,9,1.22,1.69,1,0,0,at-risk
Damascus,20872,-77.21479232,39.28992934,3,1,2,2,2,0,2,0,0,compliant
Silver Spring,20910,-77.02526948,38.99422068,3,1,2,2,2.5,2.4,0,0,0,troubled
Silver Spring,20910,-77.0197621,38.99067429,2,1,74,20,1.65,1.55,7,0,0.25,troubled
Bethesda,20814,-77.0930275,38.98592182,1,1,5,0,0,0,0,0,0,TBD
Takoma Park,20912,-76.99938075,38.98811971,1,1,6,8,2.5,2.35,0,0.12,0.12,troubled
Takoma Park,20912,-77.00195621,38.99454466,2,1,1,0,0,0,0,0,0,TBD
Chevy Chase,20815,-77.09298424,38.97976874,3,1,4,4,0,0,4,0,0,compliant
Silver Spring,20910,-77.05041394,39.00002645,3,1,85,59,2.06,1.25,22,0.08,0.03,at-risk
Takoma Park,20912,-76.9990254,38.99188408,3,1,4,6,1.83,1.53,2,0,0,at-risk
Rockville,20851,-77.11331262,39.07190466,3,1,257,62,1.08,1.34,26,0.01,0,compliant
Silver Spring,20901,-76.99643901,39.00007171,1,1,7,9,1.55,1.38,2,0,0,compliant
Takoma Park,20912,-77.00285001,38.99674941,2,1,4,6,1.83,1.66,2,0,0.16,at-risk
Takoma Park,20912,-77.0028817,38.99686747,1,1,6,5,4.6,2.17,0,0,0,troubled
SILVER SPRING,20904,0,0,,0,240,41,0.53,0.45,30,0.02,0,compliant
Takoma Park,20912,-76.99991554,38.9907913,3,1,6,6,0.33,0.33,4,0,0,compliant
Takoma Park,20912,-77.00002457,38.9909066,3,1,5,5,0,0,5,0,0,compliant
Takoma Park,20912,-77.00074237,38.99255402,2,1,1,0,0,0,0,0,0,TBD
Takoma Park,20912,-76.99664366,38.98751562,3,1,5,7,0.42,1.07,2,0,0,compliant
Silver Spring,20903,-76.99050305,38.99901977,1,1,52,16,2.25,2.31,1,0.06,0,troubled
SILVER SPRING,20901,-77.00671033,39.00113415,3,1,6,0,0,0,0,0,0,TBD
Kensington,20895,-77.0773898,39.03129215,3,1,19,18,3.72,1.68,2,0,0.05,troubled
Silver Spring,20904,-76.97689723,39.04685913,3,1,528,53,0.54,0.55,36,0.01,0,compliant
Silver Spring,20901,-77.01722685,39.02354112,3,1,120,28,0,0,28,0,0,compliant
Bethesda,20814,-77.0974307,38.99011244,3,1,258,59,0.88,0.77,38,0,0,compliant
Silver Spring,20901,-77.00680521,38.9997503,3,1,6,2,1.5,1.33,0,0,0,compliant
Damascus,20872,-77.20435052,39.28327526,2,1,104,27,0.03,0,27,0,0,compliant
Chevy Chase,20815,-77.09241112,38.9636738,3,1,310,74,0.85,0.98,38,0,0,compliant
Kensington,20895,-77.08089687,39.03205581,3,1,12,14,1.71,1.9,2,0,0,at-risk
Chevy Chase,20815,-77.08843939,38.96280372,3,1,309,73,0.3,0.89,47,0,0,compliant
Silver Spring,20902,-77.02866189,39.03634092,3,0,399,367,2.61,1.63,74,0.19,0.01,troubled
Silver Spring,20910,-77.01291603,38.99336056,2,1,7,6,1.16,1.3,1,0,0,compliant
Silver Spring,20901,-76.99714625,39.0001129,3,1,4,5,1.4,2.7,2,0,0,at-risk
Silver Spring,20901,-76.99598163,38.99878119,1,1,263,255,1.21,1.38,97,0.05,0.01,compliant
Chevy Chase,20815,-77.09516472,38.9767165,3,1,3,0,0,0,0,0,0,TBD
TAKOMA PARK,20912,-77.00296262,38.99716678,,0,4,3,2,1.33,1,0,0,compliant
Takoma Park,20912,-76.99891987,38.98954472,1,1,4,4,1.25,0.8,2,0,0,compliant
Glen Echo,20812,-77.1439169,38.97072217,3,1,1,0,0,0,0,0,0,TBD
Potomac,20854,-77.19219409,39.01331293,3,1,72,18,0.11,0.05,17,0,0,compliant
Rockville,20852,-77.1251436,39.05646987,3,1,299,78,0.7,1,46,0,0,compliant
Silver Spring,20910,-77.01401717,38.99263828,3,1,4,4,0.25,2.25,1,0,0,at-risk
Takoma Park,20912,-76.99924354,38.99143379,3,1,2,0,0,0,0,0,0,TBD
Gaithersburg,20877,-77.18747765,39.14149888,3,1,195,0,0,0,0,0,0,TBD
Bethesda,20814,-77.0969952,38.98289009,3,1,6,6,1.83,0.72,2,0,0,compliant
SILVER SPRING,20901,0,0,,0,91,20,0.4,0.22,16,0,0,compliant
Silver Spring,20904,-76.98692204,39.0411793,3,1,175,38,2.63,1.59,7,0.02,0.13,troubled
Silver Spring,20903,-76.98235812,39.00996865,3,1,49,12,0.25,0.5,10,0,0,compliant
Bethesda,20814,-77.09723444,38.98288989,3,1,12,10,0.3,0,10,0,0,compliant
TAKOMA PARK,20912,0,0,,0,6,1,0,0,3,0,0,compliant
Silver Spring,20903,-76.98866607,39.0004803,3,1,113,30,1.56,1.82,7,0.06,0,at-risk
Silver Spring,20910,-77.0395172,38.99703107,3,1,1120,269,2.8,1.88,30,0.03,0,troubled
Rockville,20852,-77.10819243,39.02910962,3,0,473,109,0.95,1.33,52,0,0.03,compliant
Silver Spring,20904,-76.96324848,39.06495194,3,1,80,22,1.13,0.94,14,0,0,compliant
Takoma Park,20912,-76.99704825,38.9882789,3,1,1,1,2,1,0,0,0,compliant
Germantown,20874,-77.26192142,39.18057265,3,1,232,82,1.32,1.42,28,0.02,0,compliant
Silver Spring,20910,-77.02788116,38.98774847,3,1,180,46,0.76,0.9,24,0,0,compliant
Silver Spring,20906,-77.06517696,39.11095112,3,1,110,18,1.16,1.49,7,0,0.11,compliant
Takoma Park,20912,-77.00061569,38.99351226,3,1,6,7,1.42,1.57,2,0,0,at-risk
Takoma Park,20912,-77.00244187,38.99735899,2,1,3,3,2,1.55,1,0,0,at-risk
Takoma Park,20912,-76.99834289,38.98937447,3,1,4,4,0.25,0.25,3,0,0,compliant
Silver Spring,20910,-77.01403118,38.99249825,3,1,4,4,0,0,1,0,0,compliant
Silver Spring,20903,-76.97674977,39.02046675,3,1,96,0,0,0,0,0,0,TBD
Silver Spring,20910,0,0,2,1,6,7,1.28,2.2,1,0,0,at-risk
Silver Spring,20903,-76.9823585,39.00844206,3,1,184,47,1.08,1.53,20,0.08,0,at-risk
Silver Spring,20910,-77.03174873,38.9982196,3,1,891,187,0.62,0.84,112,0.01,0,compliant
Silver Spring,20910,-77.05618574,39.01160943,3,1,66,17,0.23,0.73,12,0,0,compliant
Silver Spring,20910,-77.03263164,38.99772785,3,1,107,27,1.55,0.99,12,0,0,compliant
Damascus,20872,-77.2121132,39.28248841,3,1,2,2,0.5,1,1,0,0,compliant
Silver Spring,20910,-77.01911797,38.98960634,3,1,23,26,1.65,1.7,8,0.11,0,at-risk
Kensington,20902,-77.06081429,39.04027188,3,1,37,10,0,0,10,0,0,compliant
Bethesda,20814,-77.099129,38.99187501,2,1,50,34,0.7,0.7,20,0.08,0,compliant
Silver Spring,20910,-77.01601174,38.99119105,3,1,19,17,2.11,1.46,6,0,0.17,at-risk
Bethesda,20814,-77.09676654,38.98289576,3,1,6,6,2,1.36,0,0,0,compliant
Silver Spring,20910,-77.02549106,38.99407512,3,1,2,3,1,1,2,0,0,compliant
Silver Spring,20901,-76.99949333,38.99647763,3,1,155,43,0.86,0.85,22,0,0,compliant
Silver Spring,20910,-77.02537147,38.99412456,3,1,2,1,2,1,0,0,0,compliant
Silver Spring,20910,-77.02976077,38.99839308,3,0,160,43,0.48,0.41,34,0,0,compliant
Silver Spring,20910,-77.03286303,38.9967708,3,1,160,0,0,0,0,0,0,TBD
Damascus,20872,-77.21528437,39.26973906,3,1,77,16,0.5,0.58,11,0,0,compliant
Silver Spring,20910,-77.05248887,38.9999172,3,1,241,57,0.24,0.31,50,0,0,compliant
Silver Spring,20901,-76.99532831,39.03895774,1,0,1119,1069,2.89,1.54,231,0.17,0.01,troubled
Silver Spring,20901,-77.00671371,39.0000661,3,1,6,1,0,0,3,0,0,compliant
Silver Spring,20904,-76.98692204,39.0411793,3,1,96,18,2.22,1.66,3,0,0.11,troubled
Gaithersburg,20877,-77.17452744,39.14573888,3,1,107,32,3.25,1.7,5,0.09,0,troubled
Takoma Park,20912,-77.00096052,38.99351502,3,1,4,6,1.33,2,2,0,0,at-risk
Silver Spring,20910,-77.01290895,38.99305854,3,1,5,4,0.25,0,3,0,0,compliant
Silver Spring,20901,-77.00722744,38.99983542,1,1,6,1,5,1.66,0,0,0,troubled
Potomac,20854,-77.15922075,39.0314794,3,1,75,19,0.52,0.6,14,0,0,compliant
Silver Spring,20910,-77.02284544,38.99472088,2,1,3,3,0,0,3,0,0,compliant
Damascus,20872,-77.2033628,39.28821721,2,1,4,4,0.5,0.62,3,0,0,compliant
Silver Spring,20910,-77.00951249,38.99295789,2,1,2,1,8,1.87,0,0,0,troubled
Silver Spring,20910,-77.03133167,38.98829588,3,1,82,22,0.13,0.36,19,0,0,compliant
Silver Spring,20901,-77.00863143,38.99987649,3,1,226,59,0.35,0.74,42,0.01,0,compliant
Takoma Park,20912,-77.00007738,38.99106036,3,1,4,4,0.5,0.62,3,0,0,compliant
Takoma Park,20912,-76.9999261,38.98983302,3,1,1,2,0.5,0.5,1,0,0,compliant
Silver Spring,20910,-77.03627506,38.99276173,3,1,147,24,0.66,1.11,11,0,0,compliant
Takoma Park,20912,-77.00135817,38.99700481,3,1,2,4,1,1,0,0,0,compliant
Takoma Park,20912,-77.00192802,38.99288076,3,1,6,7,3.57,1.64,0,0,0,troubled
Olney,20832,-77.06103857,39.15502875,3,1,132,0,0,0,0,0,0,TBD
Silver Spring,20910,-77.0142669,38.99127596,3,1,6,5,7.6,1.55,0,0,0,troubled
SILVER SPRING,20903,0,0,,0,4,1,7,2.14,0,0,0,troubled
Takoma Park,20912,-77.00120684,38.99525305,1,1,5,7,2,1.27,2,0,0,compliant
Germantown,20874,-77.26192142,39.18057265,3,1,288,87,1.98,1.44,23,0,0.01,compliant
Bethesda,20817,-77.14725465,39.0286108,3,1,134,38,0.21,0.41,31,0,0,compliant
Silver Spring,20901,-76.99653048,38.99995089,1,1,4,5,2.8,1.2,2,0.2,0,troubled
Rockville,20852,-77.10913637,39.05843542,3,1,403,101,0.57,0.82,66,0,0,compliant
SILVER SPRING,20904,-77.02025539,39.06753688,3,1,130,2,0.5,0.5,1,0,0,compliant
Gaithersburg,20877,-77.2061426,39.13368172,1,1,112,110,1.35,1.24,43,0.05,0.01,compliant
Germantown,20874,-77.27989618,39.15802448,2,1,325,76,0.65,0.51,54,0,0.01,compliant
Silver Spring,20903,-76.99288739,38.99516036,3,1,136,35,0.28,0.34,27,0,0,compliant
ROCKVILLE,20852,0,0,,0,236,49,1.48,0.83,24,0,0.02,compliant
Takoma Park,20912,-77.0008796,38.99620853,1,1,16,16,1.25,1.37,5,0,0.06,compliant
TAKOMA PARK,20912,0,0,,0,3,4,1,1.12,2,0,0,compliant
Silver Spring,20904,-76.97212474,39.05876998,3,0,400,117,2.71,1.77,22,0.01,0.02,troubled
Germantown,20874,-77.27383566,39.19048627,3,1,121,22,0.36,0.48,17,0,0,compliant
Takoma Park,20912,-77.00148124,38.99307844,3,1,1,2,1.5,2,0,0,0,at-risk
Silver Spring,20901,-77.00691082,39.00078819,3,1,7,7,0.57,0.85,4,0,0,compliant
Silver Spring,20906,-77.08213885,39.04669766,2,1,20,20,3.2,1.59,3,0.1,0,troubled
Silver Spring,20904,-76.94211034,39.08588173,2,1,143,24,2.04,1.92,3,0.08,0,troubled
Rockville,20852,-77.10182219,39.02750085,3,1,301,70,0.41,0.74,47,0,0,compliant
Silver Spring,20903,-76.98882807,38.99967311,3,1,4,6,3,1.77,0,0,0,troubled
Silver Spring,20910,-77.01417555,38.99302266,3,1,5,6,1,2.26,2,0,0,at-risk
Gaithersburg,20877,-77.17102352,39.14463758,3,1,50,14,3.64,2.1,0,0.21,0.07,troubled
Takoma Park,20912,-77.00039054,38.99633212,1,1,5,1,0,0,0,0,0,compliant
Silver Spring,20910,-77.01265914,38.99315466,3,1,6,6,0.5,0.16,5,0,0,compliant
Takoma Park,20912,-77.00257907,38.99595594,3,1,1,0,0,0,0,0,0,TBD
Silver Spring,20901,-77.00734702,38.9995059,3,1,6,8,3.25,1.52,0,0.12,0,troubled
Kensington,20895,-77.07373074,39.0264218,3,1,3,0,0,0,0,0,0,TBD
Silver Spring,20910,-77.04048278,39.00938351,3,1,8,0,0,0,0,0,0,TBD
Silver Spring,20910,-77.02560013,38.9939982,1,1,3,3,0.33,0.66,1,0,0,compliant
GERMANTOWN,20874,0,0,,0,328,80,1.35,1.3,29,0,0,compliant
Silver Spring,20910,-77.02341512,38.99375429,3,1,432,69,0.28,0.41,54,0,0,compliant
Chevy Chase,20815,-77.07136103,38.99761454,3,1,67,0,0,0,0,0,0,TBD
Takoma Park,20912,-76.99913446,38.99010483,2,1,3,4,0.25,0.5,3,0,0,compliant
Takoma Park,20912,-76.99850829,38.9886963,3,1,4,3,0,0,3,0,0,compliant
Takoma Park,20912,-77.00067196,38.99083523,3,1,6,7,1.71,1.42,2,0,0,compliant
TAKOMA PARK,20912,0,0,,0,3,3,5.33,2.18,0,0.66,0,troubled
Takoma Park,20912,-77.00185772,38.99414101,2,1,6,6,0.16,0.33,5,0,0,compliant
Silver Spring,20904,-76.98396977,39.04191768,2,1,352,92,2.01,1.71,22,0.04,0.04,troubled
Silver Spring,20901,-77.00782913,38.99997812,2,1,6,6,0.16,0.5,5,0.16,0,compliant
Silver Spring,20901,-76.99634752,39.00048079,2,1,3,4,2.75,2.33,0,0,0,troubled
Silver Spring,20910,-77.02592158,38.98778737,3,1,210,49,0.91,0.89,27,0,0,compliant
Bethesda,20814,-77.09767306,38.99234577,2,1,66,14,0.5,1.07,7,0,0.07,compliant
Takoma Park,20912,-77.00270572,38.99632385,1,1,5,6,4,2.08,0,0.16,0,troubled
Kensington,20895,-77.07792857,39.03139337,3,1,1,2,1,0.5,1,0,0,compliant
Silver Spring,20901,-77.00661171,39.00038732,3,1,6,6,0.16,0.33,5,0,0,compliant
SILVER SPRING,20901,0,0,3,1,6,7,3.85,1.92,0,0.14,0,troubled
Bethesda,20814,-77.10267596,39.01417527,3,1,194,51,1.47,1.74,10,0.01,0.01,at-risk
Silver Spring,20901,-76.99808373,39.00757311,3,0,27,7,0,0,7,0,0,compliant
Silver Spring,20902,-77.04468058,39.0205098,3,1,221,49,1.81,1.72,9,0,0.08,at-risk
Bethesda,20814,0,0,2,1,32,30,0.93,0.33,24,0,0,compliant
Silver Spring,20910,-77.01767567,38.99012275,2,1,43,44,3.06,1.25,7,0.02,0.02,at-risk
Silver Spring,20903,-76.9878392,39.00016724,1,0,16,21,1.71,0.97,6,0.04,0,compliant
Bethesda,20814,-77.09684774,38.98568536,3,1,308,74,0.5,0.26,63,0,0,compliant
Silver Spring,20901,-77.01011209,39.00105478,3,1,132,32,0.5,0.91,19,0.03,0.03,compliant
Takoma Park,20912,-77.00090425,38.99511303,3,1,3,0,0,0,0,0,0,TBD
Takoma Park,20912,-77.00145315,38.99568686,3,1,1,0,0,0,0,0,0,TBD
Bethesda,20814,-77.09739636,38.99068481,3,1,311,78,0.11,0.15,72,0,0,compliant
Silver Spring,20910,-77.02088905,38.99445495,3,1,4,0,0,0,0,0,0,TBD
Takoma Park,20912,-76.9980263,38.98903676,1,0,3,4,0.5,1,2,0,0,compliant
GERMANTOWN,20874,0,0,3,1,468,103,1.98,1.58,25,0.04,0.03,at-risk
Takoma Park,20912,-76.99950038,38.99230417,3,1,3,4,0.75,1.16,2,0,0,compliant
Takoma Park,20912,-77.00149884,38.99379231,2,0,1,1,0,0,1,0,0,compliant
Chevy Chase,20815,-77.09329101,38.97760488,3,1,81,13,0.84,-0.09,14,0,0,compliant
Takoma Park,20912,-76.99977829,38.99063751,1,0,3,3,1.33,0.66,1,0,0,compliant
Silver Spring,20901,-77.0076744,39.00045863,2,1,6,6,1.66,1.58,1,0.16,0,at-risk
Takoma Park,20912,-77.00293801,38.99706791,3,1,3,3,1,2,0,0,0,at-risk
Rockville,20852,-77.106558,39.0260085,3,0,237,59,0.77,1,21,0,0,compliant
Takoma Park,20912,-77.00231517,38.99538482,3,1,4,6,6.16,1.72,0,0,0,troubled
Takoma Park,20912,-77.00053827,38.99217787,2,0,3,4,0.75,1.33,0,0,0,compliant
SILVER SPRING,20904,0,0,3,1,432,51,0.92,1.34,11,0,0,compliant
Silver Spring,20901,-76.99808373,39.00757311,3,1,64,15,0,0,15,0,0,compliant
Gaithersburg,20877,-77.16917367,39.14367382,2,1,148,83,1.07,1.08,44,0.02,0.02,compliant
Silver Spring,20901,-77.00713246,39.00011,2,0,4,4,1.75,2.28,0,0,0,at-risk
Rockville,20853,-77.10873082,39.09579304,3,1,142,35,0,0,35,0,0,compliant
Takoma Park,20912,-77.00156919,38.99464348,2,0,4,4,1,1,2,0,0,compliant
Silver Spring,20910,-77.03037543,38.99580375,3,0,151,40,0.82,1.1,14,0,0.05,compliant
Takoma Park,20912,-76.99850211,38.98947176,2,0,3,3,1,0.44,2,0,0,compliant
Kensington,20895,-77.07404438,39.02677489,3,1,7,9,0.55,0.13,8,0,0,compliant
Takoma Park,20912,-77.00055586,38.99297687,1,0,6,6,1.66,0.46,4,0,0,compliant
Bethesda,20814,-77.09662226,38.98629836,3,1,100,25,0,0,25,0,0,compliant
Montgomery Village,20886,-77.1909868,39.18617846,3,1,205,52,0.61,0.8,30,0,0,compliant
Bethesda,20817,-77.12808643,39.02988854,3,1,386,96,0.59,0.96,56,0,0,compliant
Takoma Park,20912,-76.99960241,38.99011036,3,1,2,1,0,0,2,0,0,compliant
Bethesda,20814,-77.09775815,38.98512172,3,1,122,31,0.06,0.16,29,0,0,compliant
Silver Spring,20910,-77.03003192,38.99055127,3,0,247,63,0.5,0.8,34,0,0,compliant
Takoma Park,20912,-77.0006825,38.98851235,2,0,4,3,0,0,4,0,0,compliant
Kensington,20895,-77.08063917,39.0314245,3,1,12,12,0.91,1.5,3,0,0,compliant
Silver Spring,20904,-76.98058154,39.04849885,3,0,414,101,1.12,1.06,41,0.04,0.02,compliant
Takoma Park,20912,-77.00117509,38.9914832,3,1,5,7,2.28,1.37,2,0,0,at-risk
Silver Spring,20901,-77.00762514,39.00061791,1,0,6,6,2,1.94,1,0,0,at-risk
Takoma Park,20912,-77.0009711,38.99453915,3,1,3,3,0.33,0.66,2,0,0,compliant
Takoma Park,20912,-77.00237495,38.99553033,3,1,6,6,6.16,1.66,1,0.16,0,troubled
Bethesda,20814,-77.09631935,38.99298114,3,1,359,85,0.14,0.2,76,0,0,compliant
Silver Spring,20902,-77.04674807,39.03474871,3,1,182,59,0.45,0.77,39,0.01,0.01,compliant
Takoma Park,20912,-76.99923651,38.99183739,3,1,2,0,0,0,0,0,0,TBD
Takoma Park,20912,-77.00138267,38.99144198,3,1,3,5,8.2,1.58,0,0,0,troubled
Takoma Park,20912,-77.000862,38.99471762,3,1,4,0,0,0,0,0,0,TBD
Brookeville,20833,-77.06641833,39.19270623,3,0,8,7,1.28,1.01,3,0,0.14,compliant
Silver Spring,20901,-77.00692833,38.99942631,3,1,6,1,1,2,0,0,0,at-risk
Takoma Park,20912,-76.99992256,38.99170833,2,0,1,0,0,0,0,0,0,TBD
Bethesda,20814,-77.08988428,38.98468322,3,1,360,87,0.22,0.37,72,0,0,compliant
Chevy Chase,20815,-77.09361127,38.97773365,3,0,47,19,0.31,1.06,8,0,0,compliant
Kensington,20895,-77.07323122,39.02673424,2,0,12,13,1.38,1.15,3,0,0,compliant
Chevy Chase,20815,-77.09629012,38.97655083,3,1,17,7,0.42,0.28,5,0,0,compliant
Gaithersburg,20877,-77.16342629,39.1517717,3,1,137,53,2.2,1.05,20,0.03,0.01,at-risk
Bethesda,20816,-77.12159998,38.94211058,3,1,3,2,1,2,0,0,0,at-risk
Bethesda,20814,-77.09341442,38.98588311,1,1,4,1,1,0,0,0,0,compliant
Takoma Park,20912,-76.99991908,38.98825149,3,1,1,1,0,0,1,0,0,compliant
Germantown,20874,-77.27438804,39.18475103,2,1,544,258,1.41,1.6,76,0,0,at-risk
Bethesda,20816-3215,0,0,1,0,18,0,0,0,0,0,0,TBD
Silver Spring,20910,-77.02328107,38.9926945,3,1,52,14,1.57,1.22,5,0,0,compliant
Silver Spring,20902,-77.04945791,39.05737677,3,1,480,162,1.87,1.42,39,0.07,0.01,compliant
Bethesda,20814,-77.09639533,38.99192398,3,1,245,64,0.68,0.74,41,0,0,compliant
Silver Spring,20910,-77.02282367,38.99272203,1,0,2,2,0,0,2,0,0,compliant
Silver Spring,20910,-77.03221427,38.9890639,3,1,215,42,1.33,0.9,18,0,0,compliant
Takoma Park,20912,-77.00096053,38.99379507,1,0,2,1,1,1,0,0,0,compliant
Silver Spring,20904,-76.97689723,39.04685913,3,0,243,65,1.36,1.26,19,0.04,0.04,compliant
Silver Spring,20901,-77.00267186,39.03079411,3,1,96,23,0.13,0.11,21,0,0,compliant
Takoma Park,20912,-76.99825491,38.9897836,3,0,3,3,0,0,4,0,0,compliant
Takoma Park,20912,-76.99872285,38.99020093,3,1,5,5,2.8,2,0,0,0,troubled
Takoma Park,20912,-77.0012279,38.9951075,3,1,3,0,0,0,0,0,0,TBD
Silver Spring,20910,-77.0132394,38.99155659,1,0,4,4,1,1.5,0,0,0,compliant
Silver Spring,20910,-77.02508097,38.99844363,3,1,104,22,0.09,0.27,20,0,0,compliant
Silver Spring,20901,-76.99732224,38.99963788,3,1,7,7,1.85,1.15,2,0,0,compliant
Germantown,20876,-77.24338276,39.19161243,2,1,316,162,0.98,1.44,66,0,0,compliant
Takoma Park,20912,-77.00005626,38.99019822,2,0,5,5,0,0,5,0,0,compliant
Silver Spring,20902,-77.05068732,39.03954926,3,1,484,121,0.38,0.39,92,0,0,compliant
Silver Spring,20902,-77.04971514,39.05304606,3,1,100,32,0.9,1.28,10,0,0,compliant
Takoma Park,20912,-77.00040108,38.99183192,3,1,1,3,1.33,2,0,0,0,at-risk
Olney,20832,-77.06941661,39.15144026,3,1,49,37,0.62,0.39,28,0,0,compliant
Silver Spring,20901,-77.00710786,39.00018962,1,0,4,5,2.2,1.16,1,0,0,at-risk
Rockville,20852,-77.10213627,39.05118173,3,0,167,45,1.88,1.47,5,0,0,compliant
Takoma Park,20912,-77.00147414,38.99208452,3,1,6,0,0,0,0,0,0,TBD
Silver Spring,20910,-77.02934608,38.99115554,3,1,223,53,1.32,0.93,24,0,0,compliant
Bethesda,20814,-77.09224308,38.98599658,2,1,7,1,2,0,0,0,0,compliant
Silver Spring,20902,0,0,1,0,73,13,15.92,1.48,2,0,0,at-risk
Rockville,20850,-77.20521631,39.10839767,3,1,564,135,0.56,1.13,73,0,0,compliant
Montgomery Village,20886,-77.20271594,39.17364927,3,1,68,12,0,0,17,0,0,compliant
Gaithersburg,20879,0,0,1,1,48,47,2.25,1.27,18,0.06,0,at-risk
Takoma Park,20912,-77.00299785,38.99730404,1,0,5,6,0,0,4,0,0,compliant
Silver Spring,20910,-77.01366742,38.99129111,2,0,64,30,1.86,1.64,4,0.1,0,at-risk
Takoma Park,20912,-77.02443147,38.98291232,3,1,52,2,1.5,2,0,0,0,at-risk
Chevy Chase,20815,-77.09424429,38.97761784,3,1,100,18,0.11,0.27,16,0,0,compliant
Silver Spring,20910,-77.03627506,38.99276173,3,1,170,50,0.38,0.44,35,0.02,0,compliant
Takoma Park,20912,-77.00060868,38.99414103,1,0,6,5,1,1.8,0,0,0,at-risk
Takoma Park,20912,-77.00058053,38.99431126,2,0,3,3,0.66,0.66,1,0,0,compliant
Takoma Park,20912,-76.99587322,38.98760617,3,1,3,3,4,1.38,1,0,0,at-risk
Silver Spring,20910,-77.01735099,39.00060315,2,0,10,10,1.3,1.23,2,0,0,compliant
Silver Spring,20910,-77.03234597,38.99615465,3,1,305,70,0.34,0.43,49,0,0,compliant
Takoma Park,20912,-77.00133694,38.99174953,3,1,6,2,1,1,0,0,0,compliant
Silver Spring,20910,-77.03130498,38.99729165,3,0,213,213,1.77,1.25,69,0.15,0,compliant
Takoma Park,20912,-76.99791721,38.98881983,3,1,8,8,2.25,1.27,2,0,0,at-risk
Takoma Park,20912,-76.99937724,38.99203236,3,1,6,6,1.33,1.87,1,0,0,at-risk
Clarksburg,20871,-77.31459718,39.28139379,3,1,2,3,4.66,1.57,0,0,0,troubled
Takoma Park,20912,-76.99897269,38.98915484,2,0,2,1,0,0,0,0,0,compliant
Silver Spring,20901,0,0,3,0,3,3,1.33,0.66,1,0,0,compliant
Silver Spring,20901,-77.01197357,39.00394021,3,1,96,23,1.26,0.96,9,0.04,0,compliant
Germantown,20874,-77.27640881,39.1980251,2,1,300,292,1.57,1.39,88,0,0,compliant
Boyds,20841,-77.36482026,39.16843025,3,0,2,2,0,0,2,0,0,compliant
Silver Spring,20906,-77.06564945,39.08830481,3,1,511,882,2.06,1.39,280,0.09,0.01,at-risk
Chevy Chase,20815,-77.09280431,38.97935703,2,0,28,14,0.14,0.21,12,0,0,compliant
Takoma Park,20912,-76.99806492,38.9898138,3,0,2,2,0,0,2,0,0,compliant
Silver Spring,20903,-76.98641055,39.00040869,1,1,28,27,4.55,1.45,0,0.07,0.03,at-risk
Takoma Park,20912,-77.00243479,38.99567312,3,0,10,10,0.2,0.5,8,0,0,compliant
Takoma Park,20912,-77.00097105,38.99103839,3,1,2,2,1,1.5,0,0,0,compliant
Rockville,20852,-77.11024111,39.04721271,3,1,202,48,0.83,1.03,27,0,0,compliant
Takoma Park,20912,-77.00010907,38.99403397,3,1,6,7,2,1.78,1,0,0,at-risk
Bethesda,20814,-77.09550922,38.99233107,3,1,164,41,0.51,1.19,22,0,0,compliant
Silver Spring,20910,-77.02173979,38.99207427,2,0,3,2,0.5,1,1,0,0,compliant
Bethesda,20814,-77.0924154,38.98598,3,1,7,8,2.12,1.36,2,0,0,at-risk
Bethesda,20814,-77.09753744,38.9883591,3,1,200,46,0.34,0.86,31,0,0,compliant
Takoma Park,20912,-77.00003868,38.99355619,3,1,6,7,1.14,1.73,2,0,0,at-risk
Silver Spring,20910,-77.01347203,38.99396178,2,0,55,13,2.61,1.14,2,0,0,at-risk
Chevy Chase,20815,-77.07136103,38.99761454,3,1,67,17,0,0,17,0,0,compliant
Potomac,20854,-77.15922707,39.04285661,1,0,1,0,0,0,0,0,0,TBD
Bethesda,20814,-77.09405507,38.988815,1,1,30,30,0.83,1.06,18,0,0,compliant
Bethesda,20814,-77.09469854,38.9869032,3,1,253,57,0.07,0.14,53,0,0,compliant
Silver Spring,20902,-77.04807276,39.04193808,1,0,22,1,1,1,0,0,0,compliant
Damascus,20872,-77.20280631,39.28439922,1,0,26,24,3.12,1.55,5,0.04,0,troubled
Silver Spring,20910,-77.02509898,38.99965719,2,1,272,103,0.92,1.14,48,0.09,0,compliant
OLNEY,20832,0,0,,0,132,35,0.71,1.12,21,0,0,compliant
Bethesda,20814,-77.09321037,38.98590247,2,0,7,10,1.1,2.97,1,0,0,at-risk
Silver Spring,20910,-77.02769877,38.99832769,3,1,129,30,0.03,0.13,28,0,0,compliant
Takoma Park,20912,-77.0023715,38.99645288,1,0,8,8,0.62,0.52,5,0,0,compliant
Silver Spring,20901,-77.00645691,39.00086783,3,1,6,6,0.33,0.5,4,0,0,compliant
Silver Spring,20910,-77.01416157,38.99334393,1,0,26,29,1.96,1.5,5,0.06,0,compliant
Gaithersburg,20877,-77.20721441,39.13652903,3,0,150,37,0.16,0.51,31,0.1,0.02,compliant
Takoma Park,20912,-76.99601748,38.9877078,2,0,3,3,0,0,3,0,0,compliant
Silver Spring,20901,-77.0075724,39.00077443,1,0,6,6,1.16,1.06,2,0,0,compliant
Silver Spring,20904,-76.98171871,39.04160138,3,1,97,19,1.57,1.08,10,0.05,0,compliant
Bethesda,20814,-77.09956519,38.99181699,2,0,62,64,2,1.55,14,0,0,at-risk
Takoma Park,20912,0,0,1,0,4,5,0.8,1.65,2,0,0,at-risk
Silver Spring,20905-6007,-76.98895429,39.09224187,3,0,104,13,1.15,0.61,7,0,0,compliant
Takoma Park,20912,-76.99999643,38.99338595,2,0,6,5,0,0,5,0,0,compliant
Germantown,20876,0,0,3,0,400,373,1.13,1.35,121,0.02,0.03,compliant
Takoma Park,20912,-77.00108361,38.98988247,2,0,6,7,1.28,1.42,2,0,0,compliant
Bethesda,20814,-77.09840741,38.98125469,3,1,180,45,0.31,0.98,28,0,0,compliant
Takoma Park,20912,-77.00219205,38.99627717,3,1,3,0,0,0,0,0,0,TBD
Gaithersburg,20878,0,0,3,1,288,60,0.9,0.58,43,0,0.01,compliant
Bethesda,20814,-77.09327428,38.98631979,2,0,4,4,0.5,4,0,0,0,at-risk
Silver Spring,20902,-77.04482214,39.05477197,2,1,97,49,0.59,1.03,24,0,0.04,compliant
Silver Spring,20904,0,0,1,0,534,1,0,0,1,0,0,compliant
Takoma Park,20912,-76.99724174,38.98771607,2,0,1,0,0,0,0,0,0,TBD
Rockville,20852,-77.11883193,39.04895877,3,1,319,0,0,0,0,0,0,compliant
Takoma Park,20912,-77.00075991,38.9889736,3,1,1,2,1,3,0,0,0,at-risk
Silver Spring,20910,-77.0265768,38.99953332,3,1,278,62,0.33,0.46,48,0,0,compliant
Takoma Park,20912,-77.00145316,38.99617836,2,1,24,24,2.45,1.31,5,0.04,0,at-risk
Silver Spring,20903,-76.98820513,39.00011234,1,0,4,4,1.75,1.6,1,0,0,at-risk
Silver Spring,20901,-77.0117742,39.00324794,3,1,26,25,1.68,2.11,3,0.12,0,at-risk
BETHESDA,20817,0,0,,0,152,0,0,0,0,0,0,TBD
Damascus,20872-2010,-77.20022648,39.28374262,3,1,2,2,3,0.83,1,0,0,at-risk
Takoma Park,20912,-76.998948,38.99059634,3,1,5,6,2,1.27,2,0,0,compliant
Silver Spring,20901,-77.00686149,38.99958831,2,1,6,7,1.85,1.76,0,0.14,0,at-risk
Silver Spring,20904,-76.98171871,39.04160138,3,0,228,79,0.44,0.82,51,0,0,compliant
Silver Spring,20901,-77.00777639,39.0001374,1,0,6,5,2,2.5,0,0.2,0,troubled
Germantown,20874,-77.26320208,39.16829595,3,1,304,97,1.67,1.56,16,0.03,0,at-risk
Takoma Park,20912,-76.99942298,38.99061006,1,0,3,3,0,0,3,0,0,compliant
Silver Spring,20906,-77.0643646,39.0798188,3,1,131,37,2.51,1.5,9,0.02,0,at-risk
Takoma Park,20912,-77.00010199,38.99386645,2,0,6,7,2.14,1.47,2,0.14,0,at-risk
Takoma Park,20912,-77.00059455,38.99110428,2,1,4,3,2.66,2.12,0,0,0,troubled
Takoma Park,20912,-77.00174516,38.99505537,1,0,5,7,1.14,1.25,2,0,0,compliant
Takoma Park,20912,-76.99966925,38.9927215,3,1,25,6,0.16,0.16,5,0,0,compliant
Takoma Park,20912,-77.00189292,38.99541504,3,1,47,0,0,0,0,0,0,TBD
Rockville,20851,-77.11128588,39.06867449,3,1,562,158,1.15,1.17,68,0.02,0,compliant
Bethesda,20814,-77.09222825,38.985431,3,1,157,31,0.03,0.06,30,0,0,compliant
Takoma Park,20912,-76.99925761,38.98856176,1,0,2,1,2,1.5,0,0,0,compliant
Takoma Park,20912,-77.00116101,38.99244143,1,0,5,7,1.14,0.35,5,0,0,compliant
Silver Spring,20910,-77.02286961,38.99336728,1,0,3,4,1,1,0,0,0,compliant
Rockville,20852,-77.10166237,39.02582996,3,1,497,111,0.72,0.86,66,0,0,compliant
Silver Spring,20903,-76.98912357,38.99983514,1,0,12,12,1.16,1,6,0.08,0,compliant
Silver Spring,20906,-77.07014321,39.07942551,3,1,202,60,1.25,1.72,11,0.01,0,at-risk
Damascus,20872,-77.21008883,39.28007047,2,0,3,2,1.5,2.33,0,0,0,at-risk
Bethesda,20814,-77.10337129,38.99131122,2,0,84,39,0.69,0.77,23,0,0,compliant
Takoma Park,20912,-77.00151289,38.99413278,3,1,5,5,1,0.72,3,0,0,compliant
Silver Spring,20901,-76.99737151,38.99992619,3,1,4,4,1.75,1.6,1,0,0,at-risk
Takoma Park,20912,-77.00305062,38.99757585,1,0,5,5,0.6,1.06,3,0,0,compliant
Silver Spring,20901,-77.00650617,39.00071132,1,0,6,7,4.57,2.53,0,0,0.28,troubled
Bethesda,20814,-77.09380136,38.98585259,1,0,4,5,1,0.96,2,0,0,compliant
GERMANTOWN,20874,0,0,3,1,300,81,0.98,1.59,29,0.03,0,at-risk
Montgomery Village,20886,0,0,1,1,185,149,1.01,0.77,91,0.02,0,compliant
Takoma Park,20912,-77.00114694,38.99100546,3,1,4,2,1,1.5,0,0,0,compliant
Takoma Park,20912,-77.00082677,38.9897424,1,0,4,4,2,1.5,1,0,0,compliant
Kensington,20895,-77.0694874,39.02467999,2,1,138,127,1.77,1.17,40,0.05,0,compliant
Chevy Chase,20815,-77.09389469,38.9765775,3,1,62,12,0.25,0.33,10,0,0,compliant
Takoma Park,20912,-77.0026002,38.99609044,2,0,2,4,1.25,1.35,1,0,0,compliant
Takoma Park,20912,-77.00034827,38.99162047,3,1,3,2,0,0,2,0,0,compliant
Takoma Park,20912,-76.99781866,38.98939371,2,0,4,1,0,0,1,0,0,compliant
Silver Spring,20903,-76.98663694,39.00130422,3,0,191,47,2.4,1.81,10,0.06,0.04,troubled
Silver Spring,20902,-77.0466155,39.05455999,3,1,371,94,2.01,1.37,26,0.05,0.03,at-risk
Silver Spring,20910,-77.02878366,38.99232808,3,1,295,72,0.26,0.42,57,0,0,compliant
Boyds,20841,-77.34751393,39.15135843,1,0,2,2,0,0,3,0,0,compliant
Takoma Park,20912,-77.00153756,38.99431678,3,1,5,1,1,1,0,0,0,compliant
Takoma Park,20912,-77.00061924,38.99469018,3,1,4,1,1,3,0,0,0,at-risk
Rockville,20851,-77.11411882,39.06832077,3,1,24,6,3.33,1.54,1,0,0,troubled
Germantown,20874,-77.2648362,39.18233333,3,0,328,86,0.69,1.01,41,0,0,compliant
Takoma Park,20912,-77.00111183,38.9947231,3,1,3,0,0,0,0,0,0,TBD
Silver Spring,20910,-77.02366273,38.99773001,3,1,222,55,0.47,0.58,39,0.03,0.01,compliant
Takoma Park,20912,-77.00054531,38.99446778,3,1,5,1,0,0,5,0,0,compliant
Silver Spring,20905,-77.02247527,39.10091806,2,1,64,0,0,0,0,0,0,TBD
Silver Spring,20910,-77.01526953,38.99172929,3,1,4,4,2.25,1.22,0,0,0,at-risk
Silver Spring,20902-3649,-77.03934916,39.03699578,3,0,24,25,1.4,0.85,14,0,0.08,compliant
Kensington,20895,-77.07718369,39.04250013,3,1,60,1,17,-96.25,45,0,0,at-risk
Bethesda,20814,-77.09283046,38.98594123,3,1,5,5,0.8,0.6,2,0,0,compliant
Germantown,20874,-77.28420316,39.15869624,3,1,195,50,0.28,0.22,42,0,0,compliant
Brookeville,20833,-77.06012949,39.22257312,3,0,2,2,0,0,6,0,0,compliant
Bethesda,20814,-77.09289787,38.98636674,3,1,4,5,1.6,2.75,0,0,0,at-risk
Takoma Park,20912,-76.99942652,38.99024486,2,0,1,0,0,0,0,0,0,TBD
Silver Spring,20906,-77.07428814,39.08699773,3,1,192,44,0.47,0.64,31,0,0,compliant
Silver Spring,20910,-77.02962349,38.98982655,3,1,96,21,0.38,0.85,15,0,0,compliant
Takoma Park,20912,-77.00112584,38.99221631,3,1,6,6,1.33,2.18,1,0,0,at-risk
TAKOMA PARK,20912,-76.99833232,38.99011035,1,0,3,3,0.33,1,0,0,0,compliant
Gaithersburg,20877,-77.20859842,39.13601316,3,1,529,134,1.16,1.14,56,0.02,0,compliant
Silver Spring,20902,-77.04791884,39.04340687,1,0,125,1,1,1,0,0,0,compliant
Germantown,20874,-77.27119572,39.14681538,3,1,102,26,0.73,1,13,0,0,compliant
Silver Spring,20903,0,0,1,0,42,27,0.29,0.25,23,0,0,compliant
Takoma Park,20912,-77.00238556,38.99686477,1,0,6,7,1.57,0.97,2,0,0,compliant
Clarksburg,20871,-77.25212149,39.22871291,3,1,450,108,0.61,0.81,61,0,0,compliant
Takoma Park,20912,-76.99844493,38.98853978,2,0,3,4,0.25,1,2,0,0,compliant
Takoma Park,20912,-76.99976779,38.99124431,2,0,2,2,0,0,2,0,0,compliant
Silver Spring,20910,-77.03455354,38.99195584,1,0,313,74,2.1,1.82,5,0.05,0.02,troubled
Germantown,20874,-77.24622213,39.16605402,2,1,89,38,0.15,0.26,33,0,0,compliant
Silver Spring,20906,-77.07649101,39.08920427,3,1,250,61,1.16,1.3,30,0,0,compliant
Silver Spring,20910,-77.01510414,38.99173756,2,0,4,4,2.5,1.3,0,0,0,at-risk
Takoma Park,20912,-77.00207588,38.99482471,1,0,2,3,1,1.33,1,0,0,compliant
Gaithersburg,20878,-77.20046197,39.11612153,3,0,136,35,0.37,1.05,15,0,0,compliant
Takoma Park,20912,-76.99948646,38.98926655,1,0,1,1,0,0,0,0,0,compliant
Chevy Chase,20815,-77.09359537,38.97900769,3,0,38,9,0.77,0.77,4,0,0.11,compliant
Silver Spring,20910,-77.02841554,38.98688068,2,0,195,49,0.32,2.12,0,0,0.02,at-risk
Takoma Park,20912,-77.00162903,38.99477527,3,1,5,6,0.33,0.5,3,0,0,compliant
Germantown,20874,-77.26192142,39.18057265,3,1,245,97,1.31,1.66,27,0.02,0,at-risk
Takoma Park,20912,-77.00302948,38.99743859,3,0,6,6,0.16,0.16,5,0,0,compliant
Silver Spring,20906,-77.06833306,39.07994004,3,1,143,48,0.97,1.11,19,0,0,compliant
Silver Spring,20901,-77.0071747,38.99999193,1,0,6,5,0.4,0.8,3,0,0,compliant
Takoma Park,20912,-76.99918023,38.991291,1,0,3,3,0,0,3,0,0,compliant
Takoma Park,20912,-77.00007036,38.98959418,3,1,5,6,1.33,2,0,0,0,at-risk
Olney,20832,-77.04367474,39.1441962,3,1,76,19,0,0,19,0,0,compliant
Takoma Park,20912,-76.99882489,38.98918504,3,1,2,0,0,0,0,0,0,TBD
Takoma Park,20912,-77.0013687,38.99551115,2,1,4,5,3,1.33,0,0,0,at-risk
Takoma Park,20912,-77.00153756,38.99447601,3,1,4,4,0.75,0.83,2,0,0,compliant
Takoma Park,20912,-76.9986736,38.98921525,1,0,2,0,0,0,0,0,0,TBD
GERMANTOWN,20874,-77.2739917,39.17605232,3,1,303,1,1,1,0,0,0,compliant
Bethesda,20814,-77.09383334,38.98074554,3,1,247,59,1.1,1.8,19,0,0.01,at-risk
Bethesda,20814,-77.09365767,38.98627828,2,0,4,5,1.4,1.02,2,0,0,compliant
Takoma Park,20912,-77.00128774,38.99538208,1,0,5,6,0.5,0.77,4,0,0,compliant
Bethesda,20817,-77.15191302,39.02744107,3,1,21,5,0.2,0.6,4,0,0,compliant
Silver Spring,20903,-76.98420969,39.00616404,3,1,747,187,1.3,1.25,71,0.04,0.02,compliant
Potomac,20854,-77.15793743,39.05986503,3,1,297,77,0.19,-0.05,79,0,0,compliant
Silver Spring,20901,-77.00993547,39.0010221,3,1,221,1,2,1,0,0,0,compliant
Chevy Chase,20815,-77.09357536,38.9771626,3,1,69,17,0,0,17,0,0,compliant
Bethesda,20814,-77.09329144,38.98333792,1,0,5,0,0,0,0,0,0,TBD
Takoma Park,20912,-77.00026737,38.99050024,1,0,5,5,0,0,5,0,0,compliant
ROCKVILLE,20852,-77.11304772,39.04298445,3,0,411,105,0.29,0.49,75,0,0,compliant
Silver Spring,20901,-76.99662903,38.99984655,2,1,4,4,1.25,1.35,1,0,0,compliant
Silver Spring,20901,-77.00675595,38.99990958,3,1,6,8,1.87,1.63,1,0,0,at-risk
Takoma Park,20912,-77.00213218,38.99495926,1,0,6,7,0.85,1.33,3,0,0,compliant
Silver Spring,20902,-77.04839368,39.03225386,3,1,71,17,0.94,0.7,11,0,0,compliant
Takoma Park,20912,-76.99830073,38.9882652,3,1,1,0,0,0,0,0,0,TBD
Chevy Chase,20815,-77.05896468,38.99636389,3,1,150,35,0.62,0.85,21,0,0,compliant
Gaithersburg,20877,-77.16999279,39.14710462,2,0,32,30,1.53,1.56,7,0.06,0,at-risk
Silver Spring,20901,-77.00685454,39.00097215,2,0,6,7,0.85,0.95,3,0,0,compliant
Silver Spring,20903,-76.97497936,39.01686173,3,1,399,100,0.65,-0.28,119,0.03,0,compliant
Takoma Park,20912,-76.99864544,38.99006366,3,1,3,3,0.33,0.33,2,0,0,compliant
Kensington,20895,-77.07575369,39.03537878,3,1,102,25,0,0,25,0,0,compliant
Silver Spring,20901,-77.00224236,39.03101293,2,0,40,39,0.12,0.45,31,0,0,compliant
Takoma Park,20912,-76.99949338,38.98835307,3,1,2,0,0,0,0,0,0,TBD
Chevy Chase,20815,-77.07826253,38.99255529,3,1,318,76,0.53,0.37,55,0.01,0,compliant
Bethesda,20814,-81.52919213,37.57726919,3,1,234,56,0.37,0.38,45,0,0,compliant
Bethesda,20814,-77.0936114,38.98586647,1,1,4,0,0,0,0,0,0,TBD
Silver Spring,20901,-76.99699146,39.00035727,3,0,3,3,0,0,3,0,0,compliant
Takoma Park,20912,-77.00100269,38.99192525,3,1,4,6,1.66,2.37,0,0,0,at-risk
Germantown,20876,-77.22899764,39.18967097,2,1,11,10,1.6,1.53,3,0,0,at-risk
Silver Spring,20904,-76.96937267,39.06920152,3,0,87,24,0.62,0.64,13,0,0,compliant
Rockville,20852,-77.11905435,39.05353559,3,1,432,96,0.84,1.2,46,0.03,0,compliant
Takoma Park,20912,0,0,3,0,3,3,0,0,3,0,0,compliant
Takoma Park,20912,-76.9985786,38.98993188,1,0,3,4,0.75,0.83,2,0,0,compliant
Takoma Park,20912,-77.0022518,38.99524203,2,0,4,4,0,0,4,0,0,compliant
Takoma Park,20912,-77.00096053,38.99426185,3,1,3,3,1,1.55,1,0,0,at-risk
Silver Spring,20910,-77.0286923,38.99272898,3,1,379,92,0.46,0.59,67,0,0,compliant
Silver Spring,20904,-76.9850896,39.04063834,3,1,22,6,1.83,1.1,3,0,0.16,compliant
Silver Spring,20906,-77.06281494,39.09140999,3,1,85,15,0.26,0.23,13,0,0,compliant
Takoma Park,20912,-77.00145665,38.99697184,3,1,3,3,0.66,2.66,1,0,0,at-risk
Takoma Park,20912,-77.00042567,38.98918229,3,1,1,0,0,0,0,0,0,TBD
Germantown,20876,-77.25639901,39.20162789,3,1,574,142,0.83,1.01,75,0,0,compliant
Burtonsville,20866,-76.93081847,39.10474095,3,0,312,78,1.71,1.07,27,0,0.02,compliant
Silver Spring,20901,-76.99699497,38.99961868,2,0,4,4,0,0,8,0,0,compliant
Silver Spring,20906,-77.06564945,39.08830481,1,0,881,450,2.28,1.53,86,0.12,0.06,troubled
Silver Spring,20901,-76.99973782,38.99860344,3,1,362,85,0.92,1.17,38,0.02,0,compliant
Rockville,20850,-77.20557287,39.09096448,3,1,520,112,0.48,0.58,78,0,0,compliant
Silver Spring,20910,-77.01347203,38.99396178,2,0,55,0,0,0,0,0,0,TBD
Takoma Park,20912,-77.00143542,38.9918017,1,0,5,7,0.85,1.42,2,0,0,compliant
Silever Spring,20904,0,0,1,1,111,112,1.84,1.47,33,0.1,0,compliant
Silver Spring,20901,-77.00667485,38.99846256,3,1,3,5,5,2.08,0,0.2,0,troubled
Silver Spring,20910,-77.02597694,38.99167188,2,0,3,3,1,0.44,2,0,0,compliant
Silver Spring,20910,-77.0147523,38.99175685,3,1,5,5,3.2,1.73,1,0,0.2,troubled
Silver Spring,20904,-76.97689723,39.04685913,3,0,168,46,1.32,1.12,11,0.02,0.02,compliant
Takoma Park,20912,-77.00163597,38.99132944,1,0,4,4,0.5,1.25,2,0,0,compliant